<code_scheme name="Default" version="173">
  <option name="AUTODETECT_INDENTS" value="false" />
  <PHPCodeStyleSettings>
    <option name="NAMESPACE_BRACE_STYLE" value="2" />
  </PHPCodeStyleSettings>
  <editorconfig>
    <option name="ENABLED" value="false" />
  </editorconfig>
  <codeStyleSettings language="PHP">
    <option name="BRACE_STYLE" value="2" />
    <option name="LAMBDA_BRACE_STYLE" value="2" />
    <indentOptions>
      <option name="USE_TAB_CHARACTER" value="true" />
      <option name="SMART_TABS" value="true" />
    </indentOptions>
  </codeStyleSettings>
</code_scheme>