<application>
  <component name="EditorSettings">
    <option name="USE_SOFT_WRAPS" value="" />
    <option name="SOFT_WRAP_FILE_MASKS" value="*.md; *.txt; *.rst; *.adoc" />
    <option name="IS_FOLDING_OUTLINE_SHOWN" value="false" />
    <option name="SHOW_BREADCRUMBS" value="false" />
    <option name="IS_WHITESPACES_SHOWN" value="true" />
    <option name="IS_INDENT_GUIDES_SHOWN" value="false" />
    <option name="ADD_CARETS_ON_DOUBLE_CTRL" value="false" />
    <option name="SHOW_PARAMETER_NAME_HINTS" value="false" />
  </component>
  <component name="JSEditorOptions">
    <option name="ESCAPE_PASTED_TEXT" value="false" />
    <option name="CONVERT_HTML_TO_JSX" value="false" />
  </component>
  <component name="JsonEditorOptions">
    <option name="COMMA_ON_ENTER" value="false" />
    <option name="COMMA_ON_MATCHING_BRACES" value="false" />
    <option name="COMMA_ON_PASTE" value="false" />
    <option name="AUTO_QUOTE_PROP_NAME" value="false" />
    <option name="AUTO_WHITESPACE_AFTER_COLON" value="false" />
    <option name="ESCAPE_PASTED_TEXT" value="false" />
  </component>
  <component name="XmlEditorOptions">
    <option name="autoCloseTag" value="false" />
    <option name="automaticallyInsertClosingTag" value="false" />
    <option name="automaticallyInsertRequiredAttributes" value="false" />
    <option name="automaticallyInsertRequiredSubTags" value="false" />
    <option name="automaticallyStartAttribute" value="false" />
    <option name="insertQuotesForAttributeValue" value="false" />
    <option name="selectWholeCssIdentifierOnDoubleClick" value="false" />
    <option name="syncTagEditing" value="false" />
  </component>
</application>