<application>
  <component name="FileTypeManager" version="17">
    <extensionMap>
      <mapping pattern="*.js.flow" type="Flow" />
      <mapping pattern="*.js.flow" type="Flow" />
      <mapping ext="tlx" type="PHP" />
      <mapping ext="local" type="PLAIN_TEXT" />
      <removed_mapping ext="log" approved="true" type="PLAIN_TEXT" />
      <removed_mapping ext="cmd" approved="true" type="PLAIN_TEXT" />
      <removed_mapping ext="bat" approved="true" type="PLAIN_TEXT" />
      <removed_mapping ext="bat" approved="true" type="PLAIN_TEXT" />
      <removed_mapping ext="log" approved="true" type="PLAIN_TEXT" />
      <removed_mapping ext="ini" approved="true" type="Native" />
      <removed_mapping ext="dockerfile" approved="true" type="textmate" />
      <removed_mapping ext="makefile" approved="true" type="textmate" />
      <removed_mapping ext="cmd" approved="true" type="PLAIN_TEXT" />
      <removed_mapping ext="snakefile" approved="true" type="textmate" />
    </extensionMap>
  </component>
</application>