<application>
  <component name="FindSettings">
    <option name="customScope" value="All Places" />
    <option name="defaultScopeName" value="All Places" />
    <option name="SEARCH_SCOPE" value="All Places" />
    <option name="FILE_MASK" value="*.inc,*.module,*.php,*.tlx,!*Test.*,*.class" />
    <mask>*.css</mask>
    <mask>*.xml</mask>
    <mask>*.jsp</mask>
    <mask>*.properties</mask>
    <mask>*.java</mask>
    <mask>!*.go,!*.json</mask>
    <mask>!*.txt,!*.</mask>
    <mask>!*.txt,!*.yaml,!*license*,!*.h,!*.go</mask>
    <mask>!ng*.*</mask>
    <mask>conn.go</mask>
    <mask>*.inc</mask>
    <mask>*.tlx</mask>
    <mask>*.inc,*.module,*.php</mask>
    <mask>*.module</mask>
    <mask>!*.go,!*.ts,!*.js</mask>
    <mask>*.inc,*.module,*.php,*.tlx</mask>
    <mask>*.html</mask>
    <mask>*.inc,*.module,*.php,*.tlx,!*Test.*</mask>
    <mask>*meta*</mask>
    <mask>*.json</mask>
    <mask>*.ts,*.js</mask>
    <mask>*.go</mask>
    <mask>*.inc,*.module,*.php,*.tlx,!*Test.*,*.class</mask>
  </component>
</application>