<application>
  <component name="GeneralSettings">
    <option name="confirmExit" value="false" />
    <option name="autoSaveFiles" value="false" />
    <option name="showTipsOnStartup" value="false" />
  </component>
  <component name="Registry">
    <entry key="ide.balloon.shadow.size" value="0" />
    <entry key="ide.tree.ui.experimental" value="false" />
    <entry key="ide.mac.allowDarkWindowDecorations" value="true" />
    <entry key="ide.new.editor.tabs.selection.color" value="67,158,184" />
    <entry key="ide.windowSystem.autoShowProcessPopup" value="true" />
    <entry key="debugger.watches.in.variables" value="false" />
  </component>
</application>