<application>
  <component name="MaterialThemeConfig">
    <option name="highlightColorEnabled" value="true" />
    <option name="isWizardShown" value="true" />
    <option name="pristineConfig" value="false" />
    <option name="statusBarTheme" value="false" />
    <option name="useColoredDirectories" value="false" />
    <option name="useHollowFolders" value="false" />
    <option name="accentColor" value="8727a0" />
    <option name="highlightColor" value="439eb8" />
    <option name="selectedTheme" value="CUSTOM" />
    <option name="userId" value="-e98cb:16c94f0a490:-8000" />
    <option name="version" value="4.5.2" />
  </component>
</application>