<application>
  <component name="MaterialCustomThemeConfig">
    <option name="excludedColor" value="0b253aff" />
    <option name="accentColor" value="3b3c76ff" />
    <option name="notificationsColor" value="152c3bff" />
    <option name="treeSelectionColor" value="152c3bff" />
    <option name="highlightColor" value="152c3bff" />
    <option name="secondBorderColor" value="2a373eff" />
    <option name="tableSelectedColor" value="152c3bff" />
    <option name="contrastColor" value="001424ff" />
    <option name="disabledColor" value="2e3c42ff" />
    <option name="secondaryBackgroundColor" value="011627ff" />
    <option name="buttonColor" value="2e3c43ff" />
    <option name="selectionForegroundColor" value="ffffffff" />
    <option name="selectionBackgroundColor" value="152c3bff" />
    <option name="textColor" value="607d8bff" />
    <option name="foregroundColor" value="b0bec5ff" />
    <option name="backgroundColor" value="011627ff" />
  </component>
</application>