<keymap version="1" name="Default for macOS copy" parent="Mac OS X 10.5+">
  <action id="Arrangement.Rule.Add">
    <keyboard-shortcut first-keystroke="ctrl enter" />
  </action>
  <action id="DecrementWindowHeight" />
  <action id="EditSource">
    <keyboard-shortcut first-keystroke="f4" />
  </action>
  <action id="EditorMoveToPageBottom" />
  <action id="EditorMoveToPageBottomWithSelection">
    <keyboard-shortcut first-keystroke="shift meta down" />
  </action>
  <action id="EditorMoveToPageTop" />
  <action id="EditorMoveToPageTopWithSelection">
    <keyboard-shortcut first-keystroke="shift meta up" />
  </action>
  <action id="EditorScrollBottom">
    <keyboard-shortcut first-keystroke="meta down" />
  </action>
  <action id="EditorScrollTop">
    <keyboard-shortcut first-keystroke="meta up" />
  </action>
  <action id="FileChooser.NewFolder" />
  <action id="Generate">
    <keyboard-shortcut first-keystroke="ctrl enter" />
  </action>
  <action id="GoOpenSettings">
    <keyboard-shortcut first-keystroke="f4" />
  </action>
  <action id="GotoLine">
    <keyboard-shortcut first-keystroke="ctrl g" />
  </action>
  <action id="IncrementWindowHeight" />
  <action id="MoveStatementDown" />
  <action id="MoveStatementUp" />
  <action id="NewElement">
    <keyboard-shortcut first-keystroke="ctrl enter" />
  </action>
  <action id="NewScratchBuffer">
    <keyboard-shortcut first-keystroke="meta n" />
  </action>
  <action id="OpenModuleSettings">
    <keyboard-shortcut first-keystroke="f4" />
  </action>
  <action id="ResizeToolWindowDown" />
  <action id="ResizeToolWindowUp" />
  <action id="SearchEverywhere.NavigateToNextGroup">
    <keyboard-shortcut first-keystroke="page_down" />
  </action>
  <action id="SearchEverywhere.NavigateToPrevGroup">
    <keyboard-shortcut first-keystroke="page_up" />
  </action>
  <action id="SelectNextOccurrence" />
  <action id="ServiceView.JumpToServices">
    <keyboard-shortcut first-keystroke="alt home" />
  </action>
  <action id="ShowNavBar">
    <keyboard-shortcut first-keystroke="alt home" />
  </action>
  <action id="Vcs.EditSource">
    <keyboard-shortcut first-keystroke="f4" />
  </action>
  <action id="XDebugger.JumpToSource">
    <keyboard-shortcut first-keystroke="f4" />
  </action>
</keymap>